{
  "GET All Activities" : {
    "transaction" : "GET All Activities",
    "sampleCount" : 39,
    "errorCount" : 0,
    "errorPct" : 0.0,
    "meanResTime" : 324.48717948717956,
    "medianResTime" : 268.0,
    "minResTime" : 265.0,
    "maxResTime" : 1548.0,
    "pct1ResTime" : 353.0,
    "pct2ResTime" : 646.0,
    "pct3ResTime" : 1548.0,
    "throughput" : 9.287925696594426,
    "receivedKBytesPerSec" : 28.164490429268874,
    "sentKBytesPerSec" : 1.7142753482972137
  },
  "Total" : {
    "transaction" : "Total",
    "sampleCount" : 39,
    "errorCount" : 0,
    "errorPct" : 0.0,
    "meanResTime" : 324.48717948717956,
    "medianResTime" : 268.0,
    "minResTime" : 265.0,
    "maxResTime" : 1548.0,
    "pct1ResTime" : 353.0,
    "pct2ResTime" : 646.0,
    "pct3ResTime" : 1548.0,
    "throughput" : 9.287925696594426,
    "receivedKBytesPerSec" : 28.164490429268874,
    "sentKBytesPerSec" : 1.7142753482972137
  }
}