{
  "GET All Activities" : {
    "transaction" : "GET All Activities",
    "sampleCount" : 39,
    "errorCount" : 0,
    "errorPct" : 0.0,
    "meanResTime" : 563.7179487179486,
    "medianResTime" : 269.0,
    "minResTime" : 265.0,
    "maxResTime" : 4241.0,
    "pct1ResTime" : 280.0,
    "pct2ResTime" : 4241.0,
    "pct3ResTime" : 4241.0,
    "throughput" : 4.22626788036411,
    "receivedKBytesPerSec" : 12.818811463751626,
    "sentKBytesPerSec" : 0.9905315344603381
  },
  "POST Create Activities" : {
    "transaction" : "POST Create Activities",
    "sampleCount" : 40,
    "errorCount" : 0,
    "errorPct" : 0.0,
    "meanResTime" : 275.40000000000003,
    "medianResTime" : 269.0,
    "minResTime" : 265.0,
    "maxResTime" : 322.0,
    "pct1ResTime" : 318.19999999999993,
    "pct2ResTime" : 321.0,
    "pct3ResTime" : 322.0,
    "throughput" : 7.658433850277619,
    "receivedKBytesPerSec" : 2.5764945912310933,
    "sentKBytesPerSec" : 2.5465788340034465
  },
  "Total" : {
    "transaction" : "Total",
    "sampleCount" : 79,
    "errorCount" : 0,
    "errorPct" : 0.0,
    "meanResTime" : 417.7341772151899,
    "medianResTime" : 269.0,
    "minResTime" : 265.0,
    "maxResTime" : 4241.0,
    "pct1ResTime" : 293.0,
    "pct2ResTime" : 322.0,
    "pct3ResTime" : 4241.0,
    "throughput" : 8.319292333614152,
    "receivedKBytesPerSec" : 13.874160008161331,
    "sentKBytesPerSec" : 2.363248341406908
  }
}